"acres","trscode","point.lat","point.lon","polygon.lat","polygon.lon"
376.2643872,"T06R32E1",46.0287576982781,-118.753006762985,46.0213759951592,-118.742667891191
376.2643872,"T06R32E1",46.0287576982781,-118.753006762985,46.021427962959,-118.763229034975
376.2643872,"T06R32E1",46.0287576982781,-118.753006762985,46.0310041197078,-118.763293407992
376.2643872,"T06R32E1",46.0287576982781,-118.753006762985,46.0312624499639,-118.763291061059
376.2643872,"T06R32E1",46.0287576982781,-118.753006762985,46.036173407039,-118.763480492071
376.2643872,"T06R32E1",46.0287576982781,-118.753006762985,46.0361330062656,-118.758285723754
376.2643872,"T06R32E1",46.0287576982781,-118.753006762985,46.0360922702162,-118.753091123075
376.2643872,"T06R32E1",46.0287576982781,-118.753006762985,46.036010127565,-118.742700748251
376.2643872,"T06R32E1",46.0287576982781,-118.753006762985,46.0213759951592,-118.742667891191
144.1853669,"T06R33E1",46.0276116979092,-118.627392710768,46.0274200179066,-118.617031544377
144.1853669,"T06R33E1",46.0276116979092,-118.627392710768,46.0199150294344,-118.617102622916
144.1853669,"T06R33E1",46.0276116979092,-118.627392710768,46.020445939182,-118.637750100304
144.1853669,"T06R33E1",46.0276116979092,-118.627392710768,46.0278241932781,-118.637850515504
144.1853669,"T06R33E1",46.0276116979092,-118.627392710768,46.0351260044172,-118.63785688575
144.1853669,"T06R33E1",46.0276116979092,-118.627392710768,46.0349023752402,-118.616960130562
144.1853669,"T06R33E1",46.0276116979092,-118.627392710768,46.0274200179066,-118.617031544377
357.9432972,"T06R33E10",46.013739808135,-118.669159967251,46.0206544809332,-118.658736374218
357.9432972,"T06R33E10",46.013739808135,-118.669159967251,46.0065789185556,-118.658749449987
357.9432972,"T06R33E10",46.013739808135,-118.669159967251,46.0066337362025,-118.679475717264
357.9432972,"T06R33E10",46.013739808135,-118.669159967251,46.0210819579956,-118.679497845488
357.9432972,"T06R33E10",46.013739808135,-118.669159967251,46.0206544809332,-118.658736374218
464.5177749,"T06R33E11",46.0133403188083,-118.648168606206,46.0056746788403,-118.637782119174
464.5177749,"T06R33E11",46.0133403188083,-118.648168606206,46.0065878033731,-118.658668313164
464.5177749,"T06R33E11",46.0133403188083,-118.648168606206,46.0065789185556,-118.658749449987
464.5177749,"T06R33E11",46.0133403188083,-118.648168606206,46.0206544809332,-118.658736374218
464.5177749,"T06R33E11",46.0133403188083,-118.648168606206,46.020445939182,-118.637750100304
464.5177749,"T06R33E11",46.0133403188083,-118.648168606206,46.0056746788403,-118.637782119174
365.016778,"T06R33E12",46.012827142217,-118.627384953115,46.0199150294344,-118.617102622916
365.016778,"T06R33E12",46.012827142217,-118.627384953115,46.0053486228064,-118.616805568267
365.016778,"T06R33E12",46.012827142217,-118.627384953115,46.0056746788403,-118.637782119174
365.016778,"T06R33E12",46.012827142217,-118.627384953115,46.020445939182,-118.637750100304
365.016778,"T06R33E12",46.012827142217,-118.627384953115,46.0199150294344,-118.617102622916
104.471349,"T06R33E13",46.0032688194175,-118.627312855478,46.0010569207386,-118.616566851665
104.471349,"T06R33E13",46.0032688194175,-118.627312855478,46.0010150112226,-118.621754243907
104.471349,"T06R33E13",46.0032688194175,-118.627312855478,46.0010299310103,-118.637575421441
104.471349,"T06R33E13",46.0032688194175,-118.627312855478,46.0056746788403,-118.637782119174
104.471349,"T06R33E13",46.0032688194175,-118.627312855478,46.0053486228064,-118.616805568267
104.471349,"T06R33E13",46.0032688194175,-118.627312855478,46.0010569207386,-118.616566851665
135.7303249,"T06R33E14",46.0035920922787,-118.648476966589,46.0056746788403,-118.637782119174
135.7303249,"T06R33E14",46.0035920922787,-118.648476966589,46.0010299310103,-118.637575421441
135.7303249,"T06R33E14",46.0035920922787,-118.648476966589,46.001034457238,-118.642420832033
135.7303249,"T06R33E14",46.0035920922787,-118.648476966589,46.0010497123018,-118.658567562687
135.7303249,"T06R33E14",46.0035920922787,-118.648476966589,46.0065789185556,-118.658749449987
135.7303249,"T06R33E14",46.0035920922787,-118.648476966589,46.0065878033731,-118.658668313164
135.7303249,"T06R33E14",46.0035920922787,-118.648476966589,46.0056746788403,-118.637782119174
43.70311323,"T06R33E15",46.0038283235778,-118.66908603677,46.0010497123018,-118.658567562687
43.70311323,"T06R33E15",46.0038283235778,-118.66908603677,46.0010540708915,-118.662951298052
43.70311323,"T06R33E15",46.0038283235778,-118.66908603677,46.0010696612314,-118.679507400858
43.70311323,"T06R33E15",46.0038283235778,-118.66908603677,46.0066337362025,-118.679475717264
43.70311323,"T06R33E15",46.0038283235778,-118.66908603677,46.0065789185556,-118.658749449987
43.70311323,"T06R33E15",46.0038283235778,-118.66908603677,46.0010497123018,-118.658567562687
57.73691288,"T06R33E16",46.0038374112243,-118.689863721038,46.0010696612314,-118.679507400858
57.73691288,"T06R33E16",46.0038374112243,-118.689863721038,46.0010735169068,-118.683549825125
57.73691288,"T06R33E16",46.0038374112243,-118.689863721038,46.0010892748848,-118.700263172435
57.73691288,"T06R33E16",46.0038374112243,-118.689863721038,46.0065468996855,-118.700342297601
57.73691288,"T06R33E16",46.0038374112243,-118.689863721038,46.0066337362025,-118.679475717264
57.73691288,"T06R33E16",46.0038374112243,-118.689863721038,46.0010696612314,-118.679507400858
292.9276714,"T06R33E2",46.0278698251036,-118.648272351893,46.0278241932781,-118.637850515504
292.9276714,"T06R33E2",46.0278698251036,-118.648272351893,46.020445939182,-118.637750100304
292.9276714,"T06R33E2",46.0278698251036,-118.648272351893,46.0206544809332,-118.658736374218
292.9276714,"T06R33E2",46.0278698251036,-118.648272351893,46.0352803990738,-118.658724639553
292.9276714,"T06R33E2",46.0278698251036,-118.648272351893,46.0351260044172,-118.63785688575
292.9276714,"T06R33E2",46.0278698251036,-118.648272351893,46.0278241932781,-118.637850515504
39.76367431,"T06R33E3",46.0281611842313,-118.669121270419,46.0352803990738,-118.658724639553
39.76367431,"T06R33E3",46.0281611842313,-118.669121270419,46.0206544809332,-118.658736374218
39.76367431,"T06R33E3",46.0281611842313,-118.669121270419,46.0210819579956,-118.679497845488
39.76367431,"T06R33E3",46.0281611842313,-118.669121270419,46.0355712511143,-118.679591722804
39.76367431,"T06R33E3",46.0281611842313,-118.669121270419,46.0354611129064,-118.669322382662
39.76367431,"T06R33E3",46.0281611842313,-118.669121270419,46.0352803990738,-118.658724639553
385.5019582,"T06R33E4",46.028365861408,-118.690014470284,46.0210819579956,-118.679497845488
385.5019582,"T06R33E4",46.028365861408,-118.690014470284,46.0211235322354,-118.689998190882
385.5019582,"T06R33E4",46.028365861408,-118.690014470284,46.0211738236545,-118.700501050847
385.5019582,"T06R33E4",46.028365861408,-118.690014470284,46.0356711634002,-118.700463164644
385.5019582,"T06R33E4",46.028365861408,-118.690014470284,46.0355712511143,-118.679591722804
385.5019582,"T06R33E4",46.028365861408,-118.690014470284,46.0210819579956,-118.679497845488
267.8203514,"T06R33E5",46.0284638193818,-118.710993157089,46.0211738236545,-118.700501050847
267.8203514,"T06R33E5",46.0284638193818,-118.710993157089,46.021180529177,-118.721635684447
267.8203514,"T06R33E5",46.0284638193818,-118.710993157089,46.0359065272416,-118.721261348651
267.8203514,"T06R33E5",46.0284638193818,-118.710993157089,46.0356711634002,-118.700463164644
267.8203514,"T06R33E5",46.0284638193818,-118.710993157089,46.0211738236545,-118.700501050847
289.2313131,"T06R33E6",46.0286416082211,-118.732054727133,46.021180529177,-118.721635684447
289.2313131,"T06R33E6",46.0286416082211,-118.732054727133,46.0213759951592,-118.742667891191
289.2313131,"T06R33E6",46.0286416082211,-118.732054727133,46.036010127565,-118.742700748251
289.2313131,"T06R33E6",46.0286416082211,-118.732054727133,46.0359065272416,-118.721261348651
289.2313131,"T06R33E6",46.0286416082211,-118.732054727133,46.021180529177,-118.721635684447
30.23257158,"T06R33E7",46.0139047326166,-118.731843996516,46.0063128769486,-118.721010729746
30.23257158,"T06R33E7",46.0139047326166,-118.731843996516,46.0067842751836,-118.742193643109
30.23257158,"T06R33E7",46.0139047326166,-118.731843996516,46.0213759951592,-118.742667891191
30.23257158,"T06R33E7",46.0139047326166,-118.731843996516,46.021180529177,-118.721635684447
30.23257158,"T06R33E7",46.0139047326166,-118.731843996516,46.0063128769486,-118.721010729746
107.4739951,"T06R33E8",46.0138469903981,-118.710902325925,46.0065468996855,-118.700342297601
107.4739951,"T06R33E8",46.0138469903981,-118.710902325925,46.0064957700761,-118.710766032399
107.4739951,"T06R33E8",46.0138469903981,-118.710902325925,46.0063128769486,-118.721010729746
107.4739951,"T06R33E8",46.0138469903981,-118.710902325925,46.021180529177,-118.721635684447
107.4739951,"T06R33E8",46.0138469903981,-118.710902325925,46.0211738236545,-118.700501050847
107.4739951,"T06R33E8",46.0138469903981,-118.710902325925,46.0065468996855,-118.700342297601
383.5666872,"T06R33E9",46.013865858283,-118.689975716199,46.0066337362025,-118.679475717264
383.5666872,"T06R33E9",46.013865858283,-118.689975716199,46.0065468996855,-118.700342297601
383.5666872,"T06R33E9",46.013865858283,-118.689975716199,46.0211738236545,-118.700501050847
383.5666872,"T06R33E9",46.013865858283,-118.689975716199,46.0211235322354,-118.689998190882
383.5666872,"T06R33E9",46.013865858283,-118.689975716199,46.0210819579956,-118.679497845488
383.5666872,"T06R33E9",46.013865858283,-118.689975716199,46.0066337362025,-118.679475717264
295.5367649,"T06R34E10",46.0127603848058,-118.544459255697,46.0056703202506,-118.533863451146
295.5367649,"T06R34E10",46.0127603848058,-118.544459255697,46.005358010538,-118.554756685935
295.5367649,"T06R34E10",46.0127603848058,-118.544459255697,46.0200419314486,-118.554866824142
295.5367649,"T06R34E10",46.0127603848058,-118.544459255697,46.0200250000042,-118.534194536322
295.5367649,"T06R34E10",46.0127603848058,-118.544459255697,46.0056703202506,-118.533863451146
86.62253576,"T06R34E11",46.0128339596216,-118.523484045711,46.0055620260615,-118.512934006535
86.62253576,"T06R34E11",46.0128339596216,-118.523484045711,46.0056703202506,-118.533863451146
86.62253576,"T06R34E11",46.0128339596216,-118.523484045711,46.0200250000042,-118.534194536322
86.62253576,"T06R34E11",46.0128339596216,-118.523484045711,46.0200161151868,-118.512992176943
86.62253576,"T06R34E11",46.0128339596216,-118.523484045711,46.0055620260615,-118.512934006535
3.519981995,"T06R34E14",46.003288652928,-118.523422614144,46.0009513087584,-118.512897964352
3.519981995,"T06R34E14",46.003288652928,-118.523422614144,46.000976454468,-118.517514381349
3.519981995,"T06R34E14",46.003288652928,-118.523422614144,46.0009546615197,-118.523356735506
3.519981995,"T06R34E14",46.003288652928,-118.523422614144,46.0009576790048,-118.533814668469
3.519981995,"T06R34E14",46.003288652928,-118.523422614144,46.0056703202506,-118.533863451146
3.519981995,"T06R34E14",46.003288652928,-118.523422614144,46.0055620260615,-118.512934006535
3.519981995,"T06R34E14",46.003288652928,-118.523422614144,46.0009513087584,-118.512897964352
2.645213623,"T06R34E15",46.0032849946799,-118.544149954173,46.0009576790048,-118.533814668469
2.645213623,"T06R34E15",46.0032849946799,-118.544149954173,46.0010240636781,-118.537974942295
2.645213623,"T06R34E15",46.0032849946799,-118.544149954173,46.0010642968134,-118.544394641943
2.645213623,"T06R34E15",46.0032849946799,-118.544149954173,46.0011365488188,-118.554907057278
2.645213623,"T06R34E15",46.0032849946799,-118.544149954173,46.005358010538,-118.554756685935
2.645213623,"T06R34E15",46.0032849946799,-118.544149954173,46.0056703202506,-118.533863451146
2.645213623,"T06R34E15",46.0032849946799,-118.544149954173,46.0009576790048,-118.533814668469
2.007731107,"T06R34E17",46.0031003019083,-118.58602423567,46.0009657256319,-118.575712449721
2.007731107,"T06R34E17",46.0031003019083,-118.58602423567,46.0009762868299,-118.579868867872
2.007731107,"T06R34E17",46.0031003019083,-118.58602423567,46.0009915418937,-118.596489176056
2.007731107,"T06R34E17",46.0031003019083,-118.58602423567,46.0052000954821,-118.596427149972
2.007731107,"T06R34E17",46.0031003019083,-118.58602423567,46.0052322819902,-118.575558222703
2.007731107,"T06R34E17",46.0031003019083,-118.58602423567,46.0009657256319,-118.575712449721
107.1684647,"T06R34E18",46.0031521951496,-118.606602323136,46.0009915418937,-118.596489176056
107.1684647,"T06R34E18",46.0031521951496,-118.606602323136,46.0009955652072,-118.600809208956
107.1684647,"T06R34E18",46.0031521951496,-118.606602323136,46.0010569207386,-118.616566851665
107.1684647,"T06R34E18",46.0031521951496,-118.606602323136,46.0053486228064,-118.616805568267
107.1684647,"T06R34E18",46.0031521951496,-118.606602323136,46.0052000954821,-118.596427149972
107.1684647,"T06R34E18",46.0031521951496,-118.606602323136,46.0009915418937,-118.596489176056
5.118061026,"T06R34E3",46.0274771645336,-118.544536129724,46.0200250000042,-118.534194536322
5.118061026,"T06R34E3",46.0274771645336,-118.544536129724,46.0200419314486,-118.554866824142
5.118061026,"T06R34E3",46.0274771645336,-118.544536129724,46.0349644013238,-118.554922312341
5.118061026,"T06R34E3",46.0274771645336,-118.544536129724,46.034904386897,-118.544518191196
5.118061026,"T06R34E3",46.0274771645336,-118.544536129724,46.0348445401083,-118.534113231861
5.118061026,"T06R34E3",46.0274771645336,-118.544536129724,46.0200250000042,-118.534194536322
143.9253932,"T06R34E4",46.0275209933136,-118.565225136507,46.0200419314486,-118.554866824142
143.9253932,"T06R34E4",46.0275209933136,-118.565225136507,46.0200875290019,-118.5652075781
143.9253932,"T06R34E4",46.0275209933136,-118.565225136507,46.0201225653572,-118.575463842473
143.9253932,"T06R34E4",46.0275209933136,-118.565225136507,46.0349028781544,-118.575713120273
143.9253932,"T06R34E4",46.0275209933136,-118.565225136507,46.0349340588343,-118.565317716307
143.9253932,"T06R34E4",46.0275209933136,-118.565225136507,46.0349644013238,-118.554922312341
143.9253932,"T06R34E4",46.0275209933136,-118.565225136507,46.0200419314486,-118.554866824142
320.5301587,"T06R34E5",46.0274560910126,-118.586006505013,46.0201225653572,-118.575463842473
320.5301587,"T06R34E5",46.0274560910126,-118.586006505013,46.0199800730031,-118.596328578791
320.5301587,"T06R34E5",46.0274560910126,-118.586006505013,46.0348460488509,-118.59648096179
320.5301587,"T06R34E5",46.0274560910126,-118.586006505013,46.0348706916462,-118.586107518411
320.5301587,"T06R34E5",46.0274560910126,-118.586006505013,46.0349028781544,-118.575713120273
320.5301587,"T06R34E5",46.0274560910126,-118.586006505013,46.0201225653572,-118.575463842473
294.2739771,"T06R34E6",46.0273423669039,-118.606733728263,46.0199800730031,-118.596328578791
294.2739771,"T06R34E6",46.0273423669039,-118.606733728263,46.0197432004192,-118.607484053737
294.2739771,"T06R34E6",46.0273423669039,-118.606733728263,46.0199150294344,-118.617102622916
294.2739771,"T06R34E6",46.0273423669039,-118.606733728263,46.0274200179066,-118.617031544377
294.2739771,"T06R34E6",46.0273423669039,-118.606733728263,46.0349023752402,-118.616960130562
294.2739771,"T06R34E6",46.0273423669039,-118.606733728263,46.0348752178739,-118.606916431254
294.2739771,"T06R34E6",46.0273423669039,-118.606733728263,46.0348460488509,-118.59648096179
294.2739771,"T06R34E6",46.0273423669039,-118.606733728263,46.0199800730031,-118.596328578791
369.0201291,"T06R34E7",46.0125838134731,-118.606638774477,46.0052000954821,-118.596427149972
369.0201291,"T06R34E7",46.0125838134731,-118.606638774477,46.0053486228064,-118.616805568267
369.0201291,"T06R34E7",46.0125838134731,-118.606638774477,46.0199150294344,-118.617102622916
369.0201291,"T06R34E7",46.0125838134731,-118.606638774477,46.0197432004192,-118.607484053737
369.0201291,"T06R34E7",46.0125838134731,-118.606638774477,46.0199800730031,-118.596328578791
369.0201291,"T06R34E7",46.0125838134731,-118.606638774477,46.0052000954821,-118.596427149972
49.46182306,"T06R34E8",46.0126334942217,-118.585936636748,46.0052322819902,-118.575558222703
49.46182306,"T06R34E8",46.0126334942217,-118.585936636748,46.0052000954821,-118.596427149972
49.46182306,"T06R34E8",46.0126334942217,-118.585936636748,46.0199800730031,-118.596328578791
49.46182306,"T06R34E8",46.0126334942217,-118.585936636748,46.0201225653572,-118.575463842473
49.46182306,"T06R34E8",46.0126334942217,-118.585936636748,46.0126864761292,-118.575531400612
49.46182306,"T06R34E8",46.0126334942217,-118.585936636748,46.0052322819902,-118.575558222703
619.1908452,"T06R34E9",46.0126777653171,-118.565190562782,46.005358010538,-118.554756685935
619.1908452,"T06R34E9",46.0126777653171,-118.565190562782,46.0052322819902,-118.575558222703
619.1908452,"T06R34E9",46.0126777653171,-118.565190562782,46.0126864761292,-118.575531400612
619.1908452,"T06R34E9",46.0126777653171,-118.565190562782,46.0201225653572,-118.575463842473
619.1908452,"T06R34E9",46.0126777653171,-118.565190562782,46.0200875290019,-118.5652075781
619.1908452,"T06R34E9",46.0126777653171,-118.565190562782,46.0200419314486,-118.554866824142
619.1908452,"T06R34E9",46.0126777653171,-118.565190562782,46.005358010538,-118.554756685935
46.29865974,"T06R36E17",46.0031261541431,-118.335819890534,46.0006151944408,-118.32539411959
46.29865974,"T06R36E17",46.0031261541431,-118.335819890534,46.0006240792582,-118.329827308184
46.29865974,"T06R36E17",46.0031261541431,-118.335819890534,46.0006750412295,-118.34631752923
46.29865974,"T06R36E17",46.0031261541431,-118.335819890534,46.0055682286699,-118.346310823708
46.29865974,"T06R36E17",46.0031261541431,-118.335819890534,46.0056560710152,-118.325467209786
46.29865974,"T06R36E17",46.0031261541431,-118.335819890534,46.0006151944408,-118.32539411959
159.5289954,"T06R36E5",46.0241210160056,-118.336519594279,46.0347709469983,-118.344694960412
159.5289954,"T06R36E5",46.0241210160056,-118.336519594279,46.0268130004781,-118.344740390327
159.5289954,"T06R36E5",46.0241210160056,-118.336519594279,46.0268193707245,-118.335745770021
159.5289954,"T06R36E5",46.0241210160056,-118.336519594279,46.0268094800788,-118.325291525095
159.5289954,"T06R36E5",46.0241210160056,-118.336519594279,46.0203272514329,-118.325392610848
159.5289954,"T06R36E5",46.0241210160056,-118.336519594279,46.0202803127751,-118.346204708814
159.5289954,"T06R36E5",46.0241210160056,-118.336519594279,46.0276091136424,-118.346150561719
159.5289954,"T06R36E5",46.0241210160056,-118.336519594279,46.0348676741611,-118.346115022449
159.5289954,"T06R36E5",46.0241210160056,-118.336519594279,46.0347709469983,-118.344694960412
358.4336884,"T06R36E8",46.0129561115245,-118.335849165349,46.0056560710152,-118.325467209786
358.4336884,"T06R36E8",46.0129561115245,-118.335849165349,46.0055682286699,-118.346310823708
358.4336884,"T06R36E8",46.0129561115245,-118.335849165349,46.012954697031,-118.34625952646
358.4336884,"T06R36E8",46.0129561115245,-118.335849165349,46.0202803127751,-118.346204708814
358.4336884,"T06R36E8",46.0129561115245,-118.335849165349,46.0203272514329,-118.325392610848
358.4336884,"T06R36E8",46.0129561115245,-118.335849165349,46.0056560710152,-118.325467209786
157.5549193,"T06R36E9",46.0129462908569,-118.31498112277,46.0056503713211,-118.304451934487
157.5549193,"T06R36E9",46.0129462908569,-118.31498112277,46.0056351162572,-118.315069626525
157.5549193,"T06R36E9",46.0129462908569,-118.31498112277,46.0056560710152,-118.325467209786
157.5549193,"T06R36E9",46.0129462908569,-118.31498112277,46.0203272514329,-118.325392610848
157.5549193,"T06R36E9",46.0129462908569,-118.31498112277,46.0202690810249,-118.314978766695
157.5549193,"T06R36E9",46.0129462908569,-118.31498112277,46.0202137604638,-118.304561066866
157.5549193,"T06R36E9",46.0129462908569,-118.31498112277,46.0056503713211,-118.304451934487
16.99365368,"T07R32E21",46.0730774452734,-118.81569765369,46.0726903417232,-118.805232428207
16.99365368,"T07R32E21",46.0730774452734,-118.81569765369,46.065785832795,-118.805211138173
16.99365368,"T07R32E21",46.0730774452734,-118.81569765369,46.0658096374001,-118.826131195052
16.99365368,"T07R32E21",46.0730774452734,-118.81569765369,46.0671983511195,-118.826100684925
16.99365368,"T07R32E21",46.0730774452734,-118.81569765369,46.068247765398,-118.826102193667
16.99365368,"T07R32E21",46.0730774452734,-118.81569765369,46.0804196299246,-118.826166399046
16.99365368,"T07R32E21",46.0730774452734,-118.81569765369,46.0803012774517,-118.805312559202
16.99365368,"T07R32E21",46.0730774452734,-118.81569765369,46.0728499331598,-118.805211641087
16.99365368,"T07R32E21",46.0730774452734,-118.81569765369,46.0726903417232,-118.805232428207
29.52913658,"T07R32E22",46.0729800294598,-118.794737186787,46.0676254929057,-118.784234587267
29.52913658,"T07R32E22",46.0729800294598,-118.794737186787,46.0670173020108,-118.784219164565
29.52913658,"T07R32E22",46.0729800294598,-118.794737186787,46.0656616129899,-118.784227043554
29.52913658,"T07R32E22",46.0729800294598,-118.794737186787,46.0657683984364,-118.805162355497
29.52913658,"T07R32E22",46.0729800294598,-118.794737186787,46.065785832795,-118.805211138173
29.52913658,"T07R32E22",46.0729800294598,-118.794737186787,46.0726903417232,-118.805232428207
29.52913658,"T07R32E22",46.0729800294598,-118.794737186787,46.0728499331598,-118.805211641087
29.52913658,"T07R32E22",46.0729800294598,-118.794737186787,46.0803012774517,-118.805312559202
29.52913658,"T07R32E22",46.0729800294598,-118.794737186787,46.0801760518181,-118.78425420092
29.52913658,"T07R32E22",46.0729800294598,-118.794737186787,46.069922302016,-118.784208100453
29.52913658,"T07R32E22",46.0729800294598,-118.794737186787,46.0682849810482,-118.784213967785
29.52913658,"T07R32E22",46.0729800294598,-118.794737186787,46.0676254929057,-118.784234587267
133.2977611,"T07R32E36",46.0434710213883,-118.75310420623,46.0361330062656,-118.758285723754
133.2977611,"T07R32E36",46.0434710213883,-118.75310420623,46.036173407039,-118.763480492071
133.2977611,"T07R32E36",46.0434710213883,-118.75310420623,46.0373745337651,-118.76351435496
133.2977611,"T07R32E36",46.0434710213883,-118.75310420623,46.0376174413194,-118.763493903116
133.2977611,"T07R32E36",46.0434710213883,-118.75310420623,46.0510219485281,-118.763424500958
133.2977611,"T07R32E36",46.0434710213883,-118.75310420623,46.0509413146195,-118.758246328809
133.2977611,"T07R32E36",46.0434710213883,-118.75310420623,46.0508603454347,-118.753069330127
133.2977611,"T07R32E36",46.0434710213883,-118.75310420623,46.050697736513,-118.742714159296
133.2977611,"T07R32E36",46.0434710213883,-118.75310420623,46.036010127565,-118.742700748251
133.2977611,"T07R32E36",46.0434710213883,-118.75310420623,46.0360922702162,-118.753091123075
133.2977611,"T07R32E36",46.0434710213883,-118.75310420623,46.0361330062656,-118.758285723754
78.8704928,"T07R33E13",46.0860487504946,-118.627246855859,46.0930752979029,-118.616909503867
78.8704928,"T07R33E13",46.0860487504946,-118.627246855859,46.0785831549372,-118.616921909083
78.8704928,"T07R33E13",46.0860487504946,-118.627246855859,46.0788714924067,-118.637312732595
78.8704928,"T07R33E13",46.0860487504946,-118.627246855859,46.0935569220599,-118.637754626531
78.8704928,"T07R33E13",46.0860487504946,-118.627246855859,46.0930752979029,-118.616909503867
59.31139292,"T07R33E21",46.0723776541987,-118.689715135341,46.0650594570652,-118.679082773643
59.31139292,"T07R33E21",46.0723776541987,-118.689715135341,46.0651637279408,-118.700233165221
59.31139292,"T07R33E21",46.0723776541987,-118.689715135341,46.0797494129461,-118.700292844372
59.31139292,"T07R33E21",46.0723776541987,-118.689715135341,46.0795526058594,-118.67920682581
59.31139292,"T07R33E21",46.0723776541987,-118.689715135341,46.0650594570652,-118.679082773643
76.7211825,"T07R33E22",46.0722148796251,-118.668753948992,46.0649109297408,-118.658337563264
76.7211825,"T07R33E22",46.0722148796251,-118.668753948992,46.0649521687045,-118.668882668021
76.7211825,"T07R33E22",46.0722148796251,-118.668753948992,46.0650594570652,-118.679082773643
76.7211825,"T07R33E22",46.0722148796251,-118.668753948992,46.0795526058594,-118.67920682581
76.7211825,"T07R33E22",46.0722148796251,-118.668753948992,46.0793474168694,-118.658361703145
76.7211825,"T07R33E22",46.0722148796251,-118.668753948992,46.0649109297408,-118.658337563264
266.2203424,"T07R33E23",46.0718606395863,-118.647835858239,46.0788714924067,-118.637312732595
266.2203424,"T07R33E23",46.0718606395863,-118.647835858239,46.0642881543343,-118.637403760064
266.2203424,"T07R33E23",46.0718606395863,-118.647835858239,46.0649109297408,-118.658337563264
266.2203424,"T07R33E23",46.0718606395863,-118.647835858239,46.0793474168694,-118.658361703145
266.2203424,"T07R33E23",46.0718606395863,-118.647835858239,46.0788714924067,-118.637312732595
487.664675,"T07R33E24",46.0714140391664,-118.627085454322,46.0639797002971,-118.616768687893
487.664675,"T07R33E24",46.0714140391664,-118.627085454322,46.0640541315974,-118.621998324927
487.664675,"T07R33E24",46.0714140391664,-118.627085454322,46.0641282276216,-118.62721253926
487.664675,"T07R33E24",46.0714140391664,-118.627085454322,46.0642881543343,-118.637403760064
487.664675,"T07R33E24",46.0714140391664,-118.627085454322,46.0788714924067,-118.637312732595
487.664675,"T07R33E24",46.0714140391664,-118.627085454322,46.0785831549372,-118.616921909083
487.664675,"T07R33E24",46.0714140391664,-118.627085454322,46.0712875464065,-118.616787966271
487.664675,"T07R33E24",46.0714140391664,-118.627085454322,46.0639797002971,-118.616768687893
135.5193052,"T07R33E25",46.0568461479499,-118.627186430515,46.0567927212317,-118.616796515812
135.5193052,"T07R33E25",46.0568461479499,-118.627186430515,46.0494639203644,-118.616857703705
135.5193052,"T07R33E25",46.0568461479499,-118.627186430515,46.0497081690231,-118.63769930597
135.5193052,"T07R33E25",46.0568461479499,-118.627186430515,46.0642881543343,-118.637403760064
135.5193052,"T07R33E25",46.0568461479499,-118.627186430515,46.0641282276216,-118.62721253926
135.5193052,"T07R33E25",46.0568461479499,-118.627186430515,46.0640541315974,-118.621998324927
135.5193052,"T07R33E25",46.0568461479499,-118.627186430515,46.0639797002971,-118.616768687893
135.5193052,"T07R33E25",46.0568461479499,-118.627186430515,46.0567927212317,-118.616796515812
281.5466496,"T07R33E26",46.0572301835706,-118.648046377545,46.0642881543343,-118.637403760064
281.5466496,"T07R33E26",46.0572301835706,-118.648046377545,46.0497081690231,-118.63769930597
281.5466496,"T07R33E26",46.0572301835706,-118.648046377545,46.0499539264245,-118.658435463893
281.5466496,"T07R33E26",46.0572301835706,-118.648046377545,46.0574285724072,-118.658508889365
281.5466496,"T07R33E26",46.0572301835706,-118.648046377545,46.0648515858663,-118.658361367869
281.5466496,"T07R33E26",46.0572301835706,-118.648046377545,46.0649109297408,-118.658337563264
281.5466496,"T07R33E26",46.0572301835706,-118.648046377545,46.0642881543343,-118.637403760064
77.49722418,"T07R33E29",46.0577466949891,-118.710733822689,46.0502545014726,-118.700385045307
77.49722418,"T07R33E29",46.0577466949891,-118.710733822689,46.0504430942942,-118.721192281769
77.49722418,"T07R33E29",46.0577466949891,-118.710733822689,46.0650752150432,-118.721255984233
77.49722418,"T07R33E29",46.0577466949891,-118.710733822689,46.0651637279408,-118.700233165221
77.49722418,"T07R33E29",46.0577466949891,-118.710733822689,46.0502545014726,-118.700385045307
63.49734386,"T07R33E30",46.057876893003,-118.731956548884,46.0504430942942,-118.721192281769
63.49734386,"T07R33E30",46.057876893003,-118.731956548884,46.050697736513,-118.742714159296
63.49734386,"T07R33E30",46.057876893003,-118.731956548884,46.0653161109407,-118.742669902848
63.49734386,"T07R33E30",46.057876893003,-118.731956548884,46.0650752150432,-118.721255984233
63.49734386,"T07R33E30",46.057876893003,-118.731956548884,46.0504430942942,-118.721192281769
481.162333,"T07R33E31",46.043269216655,-118.731985544391,46.0359065272416,-118.721261348651
481.162333,"T07R33E31",46.043269216655,-118.731985544391,46.036010127565,-118.742700748251
481.162333,"T07R33E31",46.043269216655,-118.731985544391,46.050697736513,-118.742714159296
481.162333,"T07R33E31",46.043269216655,-118.731985544391,46.0504430942942,-118.721192281769
481.162333,"T07R33E31",46.043269216655,-118.731985544391,46.0359065272416,-118.721261348651
277.4098991,"T07R33E32",46.0430692789228,-118.710819878076,46.0356711634002,-118.700463164644
277.4098991,"T07R33E32",46.0430692789228,-118.710819878076,46.0359065272416,-118.721261348651
277.4098991,"T07R33E32",46.0430692789228,-118.710819878076,46.0504430942942,-118.721192281769
277.4098991,"T07R33E32",46.0430692789228,-118.710819878076,46.0502545014726,-118.700385045307
277.4098991,"T07R33E32",46.0430692789228,-118.710819878076,46.0356711634002,-118.700463164644
118.4289648,"T07R33E33",46.0429294346581,-118.690048171528,46.0428903289739,-118.679756846297
118.4289648,"T07R33E33",46.0429294346581,-118.690048171528,46.0355712511143,-118.679591722804
118.4289648,"T07R33E33",46.0429294346581,-118.690048171528,46.0356711634002,-118.700463164644
118.4289648,"T07R33E33",46.0429294346581,-118.690048171528,46.0502545014726,-118.700385045307
118.4289648,"T07R33E33",46.0429294346581,-118.690048171528,46.0502628833758,-118.684846673186
118.4289648,"T07R33E33",46.0429294346581,-118.690048171528,46.0502283499347,-118.679666154104
118.4289648,"T07R33E33",46.0429294346581,-118.690048171528,46.0428903289739,-118.679756846297
65.12285181,"T07R33E34",46.0428107100824,-118.669133539533,46.0499539264245,-118.658435463893
65.12285181,"T07R33E34",46.0428107100824,-118.669133539533,46.0352803990738,-118.658724639553
65.12285181,"T07R33E34",46.0428107100824,-118.669133539533,46.0354611129064,-118.669322382662
65.12285181,"T07R33E34",46.0428107100824,-118.669133539533,46.0355712511143,-118.679591722804
65.12285181,"T07R33E34",46.0428107100824,-118.669133539533,46.0428903289739,-118.679756846297
65.12285181,"T07R33E34",46.0428107100824,-118.669133539533,46.0502283499347,-118.679666154104
65.12285181,"T07R33E34",46.0428107100824,-118.669133539533,46.05020538352,-118.674394607554
65.12285181,"T07R33E34",46.0428107100824,-118.669133539533,46.0501822494672,-118.669124066833
65.12285181,"T07R33E34",46.0428107100824,-118.669133539533,46.0499539264245,-118.658435463893
300.364883,"T07R33E35",46.0425095943838,-118.648189242547,46.0424469262955,-118.637774072547
300.364883,"T07R33E35",46.0425095943838,-118.648189242547,46.0351260044172,-118.63785688575
300.364883,"T07R33E35",46.0425095943838,-118.648189242547,46.0352803990738,-118.658724639553
300.364883,"T07R33E35",46.0425095943838,-118.648189242547,46.0499539264245,-118.658435463893
300.364883,"T07R33E35",46.0425095943838,-118.648189242547,46.0497081690231,-118.63769930597
300.364883,"T07R33E35",46.0425095943838,-118.648189242547,46.0424469262955,-118.637774072547
30.70978376,"T07R34E12",46.0999715929899,-118.502886547762,46.0926245191498,-118.492805201317
30.70978376,"T07R34E12",46.0999715929899,-118.502886547762,46.0927012973829,-118.5132505072
30.70978376,"T07R34E12",46.0999715929899,-118.502886547762,46.1071934403487,-118.513208765322
30.70978376,"T07R34E12",46.0999715929899,-118.502886547762,46.107323359848,-118.492577045912
30.70978376,"T07R34E12",46.0999715929899,-118.502886547762,46.0999551640357,-118.492494567985
30.70978376,"T07R34E12",46.0999715929899,-118.502886547762,46.0926245191498,-118.492805201317
197.8406051,"T07R34E13",46.0854176074752,-118.502999833398,46.0781873614688,-118.492625493313
197.8406051,"T07R34E13",46.0854176074752,-118.502999833398,46.0782091544172,-118.513292081439
197.8406051,"T07R34E13",46.0854176074752,-118.502999833398,46.0927012973829,-118.5132505072
197.8406051,"T07R34E13",46.0854176074752,-118.502999833398,46.0926245191498,-118.492805201317
197.8406051,"T07R34E13",46.0854176074752,-118.502999833398,46.0781873614688,-118.492625493313
142.5341364,"T07R34E14",46.085534864877,-118.523778308148,46.0782091544172,-118.513292081439
142.5341364,"T07R34E14",46.085534864877,-118.523778308148,46.0783397444687,-118.534266117775
142.5341364,"T07R34E14",46.085534864877,-118.523778308148,46.092875473331,-118.534283719771
142.5341364,"T07R34E14",46.085534864877,-118.523778308148,46.0927012973829,-118.5132505072
142.5341364,"T07R34E14",46.085534864877,-118.523778308148,46.0782091544172,-118.513292081439
197.0003058,"T07R34E20",46.0712300420518,-118.586067249491,46.0638836436867,-118.575843207411
197.0003058,"T07R34E20",46.0712300420518,-118.586067249491,46.0639285706877,-118.596586741409
197.0003058,"T07R34E20",46.0712300420518,-118.586067249491,46.0785296783949,-118.59644206976
197.0003058,"T07R34E20",46.0712300420518,-118.586067249491,46.0785114058459,-118.575411204121
197.0003058,"T07R34E20",46.0712300420518,-118.586067249491,46.0638836436867,-118.575843207411
397.2742149,"T07R34E21",46.0711922030975,-118.565256788497,46.0639743358791,-118.554755680106
397.2742149,"T07R34E21",46.0711922030975,-118.565256788497,46.063929408878,-118.565299779035
397.2742149,"T07R34E21",46.0711922030975,-118.565256788497,46.0638836436867,-118.575843207411
397.2742149,"T07R34E21",46.0711922030975,-118.565256788497,46.0785114058459,-118.575411204121
397.2742149,"T07R34E21",46.0711922030975,-118.565256788497,46.0785566681231,-118.554995737813
397.2742149,"T07R34E21",46.0711922030975,-118.565256788497,46.0712664240104,-118.554875541322
397.2742149,"T07R34E21",46.0711922030975,-118.565256788497,46.0639743358791,-118.554755680106
176.0334686,"T07R34E22",46.0711437118816,-118.544519155606,46.063687004238,-118.534094288759
176.0334686,"T07R34E22",46.0711437118816,-118.544519155606,46.0638313406108,-118.544424816795
176.0334686,"T07R34E22",46.0711437118816,-118.544519155606,46.063902922064,-118.549589745536
176.0334686,"T07R34E22",46.0711437118816,-118.544519155606,46.0639743358791,-118.554755680106
176.0334686,"T07R34E22",46.0711437118816,-118.544519155606,46.0712664240104,-118.554875541322
176.0334686,"T07R34E22",46.0711437118816,-118.544519155606,46.0785566681231,-118.554995737813
176.0334686,"T07R34E22",46.0711437118816,-118.544519155606,46.0784487092101,-118.544630341061
176.0334686,"T07R34E22",46.0711437118816,-118.544519155606,46.0783397444687,-118.534266117775
176.0334686,"T07R34E22",46.0711437118816,-118.544519155606,46.0710144640008,-118.534178610706
176.0334686,"T07R34E22",46.0711437118816,-118.544519155606,46.063687004238,-118.534094288759
189.0739739,"T07R34E23",46.0710036471653,-118.523735075329,46.0637627766428,-118.513190325135
189.0739739,"T07R34E23",46.0710036471653,-118.523735075329,46.063687004238,-118.534094288759
189.0739739,"T07R34E23",46.0710036471653,-118.523735075329,46.0710144640008,-118.534178610706
189.0739739,"T07R34E23",46.0710036471653,-118.523735075329,46.0783397444687,-118.534266117775
189.0739739,"T07R34E23",46.0710036471653,-118.523735075329,46.0782091544172,-118.513292081439
189.0739739,"T07R34E23",46.0710036471653,-118.523735075329,46.0637627766428,-118.513190325135
153.8837426,"T07R34E24",46.0709556812454,-118.502898089242,46.0636640378232,-118.492521054799
153.8837426,"T07R34E24",46.0709556812454,-118.502898089242,46.0637627766428,-118.513190325135
153.8837426,"T07R34E24",46.0709556812454,-118.502898089242,46.0782091544172,-118.513292081439
153.8837426,"T07R34E24",46.0709556812454,-118.502898089242,46.0781873614688,-118.492625493313
153.8837426,"T07R34E24",46.0709556812454,-118.502898089242,46.0636640378232,-118.492521054799
223.6666815,"T07R34E25",46.0571706255838,-118.502946207957,46.0491433963866,-118.511593572578
223.6666815,"T07R34E25",46.0571706255838,-118.502946207957,46.049165356973,-118.51315093019
223.6666815,"T07R34E25",46.0571706255838,-118.502946207957,46.052709560915,-118.513113379263
223.6666815,"T07R34E25",46.0571706255838,-118.502946207957,46.0637627766428,-118.513190325135
223.6666815,"T07R34E25",46.0571706255838,-118.502946207957,46.0636640378232,-118.492521054799
223.6666815,"T07R34E25",46.0571706255838,-118.502946207957,46.0564257615103,-118.492511834705
223.6666815,"T07R34E25",46.0571706255838,-118.502946207957,46.0507485308462,-118.492637563253
223.6666815,"T07R34E25",46.0571706255838,-118.502946207957,46.0507413224095,-118.502674892315
223.6666815,"T07R34E25",46.0571706255838,-118.502946207957,46.0507344492489,-118.511589213989
223.6666815,"T07R34E25",46.0571706255838,-118.502946207957,46.0491433963866,-118.511593572578
115.4522342,"T07R34E27",46.0565755910929,-118.544451351401,46.0492800214085,-118.534102670663
115.4522342,"T07R34E27",46.0565755910929,-118.544451351401,46.0493244454954,-118.544451974161
115.4522342,"T07R34E27",46.0565755910929,-118.544451351401,46.0493676961158,-118.554800271831
115.4522342,"T07R34E27",46.0565755910929,-118.544451351401,46.0567308627862,-118.5547353959
115.4522342,"T07R34E27",46.0565755910929,-118.544451351401,46.0639743358791,-118.554755680106
115.4522342,"T07R34E27",46.0565755910929,-118.544451351401,46.063902922064,-118.549589745536
115.4522342,"T07R34E27",46.0565755910929,-118.544451351401,46.0638313406108,-118.544424816795
115.4522342,"T07R34E27",46.0565755910929,-118.544451351401,46.063687004238,-118.534094288759
115.4522342,"T07R34E27",46.0565755910929,-118.544451351401,46.0492800214085,-118.534102670663
158.3022987,"T07R34E28",46.0585368499957,-118.564875875286,46.0493676961158,-118.554800271831
158.3022987,"T07R34E28",46.0585368499957,-118.564875875286,46.0494121202027,-118.557334959354
158.3022987,"T07R34E28",46.0585368499957,-118.564875875286,46.0540800020855,-118.557319369014
158.3022987,"T07R34E28",46.0585368499957,-118.564875875286,46.0537137129164,-118.575868520758
158.3022987,"T07R34E28",46.0585368499957,-118.564875875286,46.0563035533619,-118.575936414174
158.3022987,"T07R34E28",46.0585368499957,-118.564875875286,46.0638836436867,-118.575843207411
158.3022987,"T07R34E28",46.0585368499957,-118.564875875286,46.063929408878,-118.565299779035
158.3022987,"T07R34E28",46.0585368499957,-118.564875875286,46.0639743358791,-118.554755680106
158.3022987,"T07R34E28",46.0585368499957,-118.564875875286,46.0567308627862,-118.5547353959
158.3022987,"T07R34E28",46.0585368499957,-118.564875875286,46.0493676961158,-118.554800271831
220.5332958,"T07R34E29",46.0567822777623,-118.58655672651,46.0537137129164,-118.575868520758
220.5332958,"T07R34E29",46.0567822777623,-118.58655672651,46.0536676124489,-118.578287370379
220.5332958,"T07R34E29",46.0567822777623,-118.58655672651,46.0492278859708,-118.578251663471
220.5332958,"T07R34E29",46.0567822777623,-118.58655672651,46.0493430533205,-118.596559584042
220.5332958,"T07R34E29",46.0567822777623,-118.58655672651,46.0566343032615,-118.596576683125
220.5332958,"T07R34E29",46.0567822777623,-118.58655672651,46.0639285706877,-118.596586741409
220.5332958,"T07R34E29",46.0567822777623,-118.58655672651,46.0638836436867,-118.575843207411
220.5332958,"T07R34E29",46.0567822777623,-118.58655672651,46.0563035533619,-118.575936414174
220.5332958,"T07R34E29",46.0567822777623,-118.58655672651,46.0537137129164,-118.575868520758
26.98497084,"T07R34E31",46.042127400459,-118.606721975057,46.0348460488509,-118.59648096179
26.98497084,"T07R34E31",46.042127400459,-118.606721975057,46.0348752178739,-118.606916431254
26.98497084,"T07R34E31",46.042127400459,-118.606721975057,46.0349023752402,-118.616960130562
26.98497084,"T07R34E31",46.042127400459,-118.606721975057,46.0421366282396,-118.616918891598
26.98497084,"T07R34E31",46.042127400459,-118.606721975057,46.0458417647228,-118.616866756161
26.98497084,"T07R34E31",46.042127400459,-118.606721975057,46.0494639203644,-118.616857703705
26.98497084,"T07R34E31",46.042127400459,-118.606721975057,46.049404911766,-118.606876533394
26.98497084,"T07R34E31",46.042127400459,-118.606721975057,46.0493430533205,-118.596559584042
26.98497084,"T07R34E31",46.042127400459,-118.606721975057,46.0420945510857,-118.596520189097
26.98497084,"T07R34E31",46.042127400459,-118.606721975057,46.0348460488509,-118.59648096179
16.21439533,"T07R34E32",46.0418838324722,-118.58699267093,46.0392061472487,-118.575740612916
16.21439533,"T07R34E32",46.0418838324722,-118.58699267093,46.0349028781544,-118.575713120273
16.21439533,"T07R34E32",46.0418838324722,-118.58699267093,46.0348706916462,-118.586107518411
16.21439533,"T07R34E32",46.0418838324722,-118.58699267093,46.0348460488509,-118.59648096179
16.21439533,"T07R34E32",46.0418838324722,-118.58699267093,46.0420945510857,-118.596520189097
16.21439533,"T07R34E32",46.0418838324722,-118.58699267093,46.0493430533205,-118.596559584042
16.21439533,"T07R34E32",46.0418838324722,-118.58699267093,46.0492278859708,-118.578251663471
16.21439533,"T07R34E32",46.0418838324722,-118.58699267093,46.0391261838923,-118.578244622673
16.21439533,"T07R34E32",46.0418838324722,-118.58699267093,46.0392061472487,-118.575740612916
3.30337776,"T07R34E33",46.0386997285045,-118.563283291768,46.0493676961158,-118.554800271831
3.30337776,"T07R34E33",46.0386997285045,-118.563283291768,46.0421207026236,-118.55485408365
3.30337776,"T07R34E33",46.0386997285045,-118.563283291768,46.0349644013238,-118.554922312341
3.30337776,"T07R34E33",46.0386997285045,-118.563283291768,46.0349340588343,-118.565317716307
3.30337776,"T07R34E33",46.0386997285045,-118.563283291768,46.0349028781544,-118.575713120273
3.30337776,"T07R34E33",46.0386997285045,-118.563283291768,46.0392061472487,-118.575740612916
3.30337776,"T07R34E33",46.0386997285045,-118.563283291768,46.0393665768756,-118.565287541456
3.30337776,"T07R34E33",46.0386997285045,-118.563283291768,46.0394916348711,-118.55735088497
3.30337776,"T07R34E33",46.0386997285045,-118.563283291768,46.0494121202027,-118.557334959354
3.30337776,"T07R34E33",46.0386997285045,-118.563283291768,46.0493676961158,-118.554800271831
193.6112654,"T07R34E38",46.046603543239,-118.567787301541,46.0494121202027,-118.557334959354
193.6112654,"T07R34E38",46.046603543239,-118.567787301541,46.0394916348711,-118.55735088497
193.6112654,"T07R34E38",46.046603543239,-118.567787301541,46.0393665768756,-118.565287541456
193.6112654,"T07R34E38",46.046603543239,-118.567787301541,46.0392061472487,-118.575740612916
193.6112654,"T07R34E38",46.046603543239,-118.567787301541,46.0391261838923,-118.578244622673
193.6112654,"T07R34E38",46.046603543239,-118.567787301541,46.0492278859708,-118.578251663471
193.6112654,"T07R34E38",46.046603543239,-118.567787301541,46.0536676124489,-118.578287370379
193.6112654,"T07R34E38",46.046603543239,-118.567787301541,46.0537137129164,-118.575868520758
193.6112654,"T07R34E38",46.046603543239,-118.567787301541,46.0540800020855,-118.557319369014
193.6112654,"T07R34E38",46.046603543239,-118.567787301541,46.0494121202027,-118.557334959354
37.71517618,"T07R35E18",46.085410699695,-118.482385644137,46.0781146065492,-118.472055129435
37.71517618,"T07R35E18",46.085410699695,-118.482385644137,46.0781873614688,-118.492625493313
37.71517618,"T07R35E18",46.085410699695,-118.482385644137,46.0926245191498,-118.492805201317
37.71517618,"T07R35E18",46.085410699695,-118.482385644137,46.0926895627185,-118.472121849384
37.71517618,"T07R35E18",46.085410699695,-118.482385644137,46.0781146065492,-118.472055129435
13.11354402,"T07R35E7",46.0999685523498,-118.482281900931,46.0926895627185,-118.472121849384
13.11354402,"T07R35E7",46.0999685523498,-118.482281900931,46.0926245191498,-118.492805201317
13.11354402,"T07R35E7",46.0999685523498,-118.482281900931,46.0999551640357,-118.492494567985
13.11354402,"T07R35E7",46.0999685523498,-118.482281900931,46.107323359848,-118.492577045912
13.11354402,"T07R35E7",46.0999685523498,-118.482281900931,46.1071976313003,-118.471731420334
13.11354402,"T07R35E7",46.0999685523498,-118.482281900931,46.0926895627185,-118.472121849384
19.38830088,"T10R28E1",46.3805798188337,-119.250028046098,46.373221803978,-119.239737213458
19.38830088,"T10R28E1",46.3805798188337,-119.250028046098,46.3734414098413,-119.26063966834
19.38830088,"T10R28E1",46.3805798188337,-119.250028046098,46.387801621651,-119.260457948679
19.38830088,"T10R28E1",46.3805798188337,-119.250028046098,46.3878183854574,-119.255204004126
19.38830088,"T10R28E1",46.3805798188337,-119.250028046098,46.3877974306994,-119.23937863564
19.38830088,"T10R28E1",46.3805798188337,-119.250028046098,46.373221803978,-119.239737213458
146.567501,"T11R17E16",46.4406425385796,-120.702139529078,46.433485983547,-120.691379360888
146.567501,"T11R17E16",46.4406425385796,-120.702139529078,46.4334384628124,-120.696772393812
146.567501,"T11R17E16",46.4406425385796,-120.702139529078,46.4333909886442,-120.702165473301
146.567501,"T11R17E16",46.4406425385796,-120.702139529078,46.4333478684088,-120.707541742418
146.567501,"T11R17E16",46.4406425385796,-120.702139529078,46.4333047481736,-120.712917988252
146.567501,"T11R17E16",46.4406425385796,-120.702139529078,46.4369265219729,-120.712911794957
146.567501,"T11R17E16",46.4406425385796,-120.702139529078,46.4405482957723,-120.712905578379
146.567501,"T11R17E16",46.4406425385796,-120.702139529078,46.4441700695716,-120.712899385084
146.567501,"T11R17E16",46.4406425385796,-120.702139529078,46.4477918899372,-120.712893191789
146.567501,"T11R17E16",46.4406425385796,-120.702139529078,46.4478535900577,-120.707372102011
146.567501,"T11R17E16",46.4406425385796,-120.702139529078,46.4479153134615,-120.701851012233
146.567501,"T11R17E16",46.4406425385796,-120.702139529078,46.4479403194727,-120.696620564949
146.567501,"T11R17E16",46.4406425385796,-120.702139529078,46.4479412275122,-120.696406058076
146.567501,"T11R17E16",46.4406425385796,-120.702139529078,46.4479651159362,-120.691390094381
146.567501,"T11R17E16",46.4406425385796,-120.702139529078,46.4443365201991,-120.691374471445
146.567501,"T11R17E16",46.4406425385796,-120.702139529078,46.4407079011787,-120.691358848508
146.567501,"T11R17E16",46.4406425385796,-120.702139529078,46.4370969540043,-120.691369093057
146.567501,"T11R17E16",46.4406425385796,-120.702139529078,46.433485983547,-120.691379360888
117.3576175,"T11R17E17",46.4405212012662,-120.723203814397,46.4334189748876,-120.73366326848
117.3576175,"T11R17E17",46.4405212012662,-120.723203814397,46.4370391887215,-120.733586667198
117.3576175,"T11R17E17",46.4405212012662,-120.723203814397,46.4406594025556,-120.733510065916
117.3576175,"T11R17E17",46.4405212012662,-120.723203814397,46.4442597093695,-120.733433883729
117.3576175,"T11R17E17",46.4405212012662,-120.723203814397,46.4478599929004,-120.73335767826
117.3576175,"T11R17E17",46.4405212012662,-120.723203814397,46.4477541248067,-120.728163226592
117.3576175,"T11R17E17",46.4405212012662,-120.723203814397,46.447648279996,-120.722968774925
117.3576175,"T11R17E17",46.4405212012662,-120.723203814397,46.4477201082495,-120.717930994998
117.3576175,"T11R17E17",46.4405212012662,-120.723203814397,46.4477918899372,-120.712893191789
117.3576175,"T11R17E17",46.4405212012662,-120.723203814397,46.4441700695716,-120.712899385084
117.3576175,"T11R17E17",46.4405212012662,-120.723203814397,46.4405482957723,-120.712905578379
117.3576175,"T11R17E17",46.4405212012662,-120.723203814397,46.4369265219729,-120.712911794957
117.3576175,"T11R17E17",46.4405212012662,-120.723203814397,46.4333047481736,-120.712917988252
117.3576175,"T11R17E17",46.4405212012662,-120.723203814397,46.433308869276,-120.718086432736
117.3576175,"T11R17E17",46.4405212012662,-120.723203814397,46.4333129670953,-120.723256437186
117.3576175,"T11R17E17",46.4405212012662,-120.723203814397,46.4333659826331,-120.728459852833
117.3576175,"T11R17E17",46.4405212012662,-120.723203814397,46.4334189748876,-120.73366326848
60.32322914,"T11R17E4",46.4701590305671,-120.701857945207,46.4658845772041,-120.712473025608
60.32322914,"T11R17E4",46.4701590305671,-120.701857945207,46.4693620192872,-120.712493049044
60.32322914,"T11R17E4",46.4701590305671,-120.701857945207,46.4694706347826,-120.712493747536
60.32322914,"T11R17E4",46.4701590305671,-120.701857945207,46.4730084265688,-120.712513701122
60.32322914,"T11R17E4",46.4701590305671,-120.701857945207,46.4731165764029,-120.712514306482
60.32322914,"T11R17E4",46.4701590305671,-120.701857945207,46.4780440644537,-120.712542083177
60.32322914,"T11R17E4",46.4701590305671,-120.701857945207,46.4780348210772,-120.709594097979
60.32322914,"T11R17E4",46.4701590305671,-120.701857945207,46.4780261132111,-120.706897639725
60.32322914,"T11R17E4",46.4701590305671,-120.701857945207,46.478017754591,-120.70435473328
60.32322914,"T11R17E4",46.4701590305671,-120.701857945207,46.4779922363523,-120.701656715061
60.32322914,"T11R17E4",46.4701590305671,-120.701857945207,46.4779680685315,-120.699115880809
60.32322914,"T11R17E4",46.4701590305671,-120.701857945207,46.4779425270099,-120.69641786259
60.32322914,"T11R17E4",46.4701590305671,-120.701857945207,46.4779183591891,-120.693877005055
60.32322914,"T11R17E4",46.4701590305671,-120.701857945207,46.4779140983883,-120.691180826198
60.32322914,"T11R17E4",46.4701590305671,-120.701857945207,46.4732009775114,-120.691177636418
60.32322914,"T11R17E4",46.4701590305671,-120.701857945207,46.4695917067175,-120.69117256071
60.32322914,"T11R17E4",46.4701590305671,-120.701857945207,46.4659697699368,-120.691167485002
60.32322914,"T11R17E4",46.4701590305671,-120.701857945207,46.462347856439,-120.69116245586
60.32322914,"T11R17E4",46.4701590305671,-120.701857945207,46.4623362381898,-120.696402379352
60.32322914,"T11R17E4",46.4701590305671,-120.701857945207,46.462324713073,-120.701623979072
60.32322914,"T11R17E4",46.4701590305671,-120.701857945207,46.4623120238029,-120.706862668562
60.32322914,"T11R17E4",46.4701590305671,-120.701857945207,46.4622984963425,-120.71245237353
60.32322914,"T11R17E4",46.4701590305671,-120.701857945207,46.4657768930313,-120.712472396966
60.32322914,"T11R17E4",46.4701590305671,-120.701857945207,46.4658845772041,-120.712473025608
154.9891917,"T11R17E9",46.4550868719252,-120.701839184456,46.4479651159362,-120.691390094381
154.9891917,"T11R17E9",46.4550868719252,-120.701839184456,46.4479412275122,-120.696406058076
154.9891917,"T11R17E9",46.4550868719252,-120.701839184456,46.4479403194727,-120.696620564949
154.9891917,"T11R17E9",46.4550868719252,-120.701839184456,46.4479153134615,-120.701851012233
154.9891917,"T11R17E9",46.4550868719252,-120.701839184456,46.4478535900577,-120.707372102011
154.9891917,"T11R17E9",46.4550868719252,-120.701839184456,46.4477918899372,-120.712893191789
154.9891917,"T11R17E9",46.4550868719252,-120.701839184456,46.4514129186783,-120.712587019492
154.9891917,"T11R17E9",46.4550868719252,-120.701839184456,46.4550339474197,-120.712280823912
154.9891917,"T11R17E9",46.4550868719252,-120.701839184456,46.4586128105314,-120.712366249475
154.9891917,"T11R17E9",46.4550868719252,-120.701839184456,46.4587137426156,-120.712368670914
154.9891917,"T11R17E9",46.4550868719252,-120.701839184456,46.4621917202091,-120.712451721605
154.9891917,"T11R17E9",46.4550868719252,-120.701839184456,46.4622984963425,-120.71245237353
154.9891917,"T11R17E9",46.4550868719252,-120.701839184456,46.4623120238029,-120.706862668562
154.9891917,"T11R17E9",46.4550868719252,-120.701839184456,46.462324713073,-120.701623979072
154.9891917,"T11R17E9",46.4550868719252,-120.701839184456,46.4623362381898,-120.696402379352
154.9891917,"T11R17E9",46.4550868719252,-120.701839184456,46.462347856439,-120.69116245586
154.9891917,"T11R17E9",46.4550868719252,-120.701839184456,46.4587085737753,-120.691166553679
154.9891917,"T11R17E9",46.4550868719252,-120.701839184456,46.4550692911114,-120.691170651499
154.9891917,"T11R17E9",46.4550868719252,-120.701839184456,46.4514663067451,-120.691174376789
154.9891917,"T11R17E9",46.4550868719252,-120.701839184456,46.4479660006926,-120.69117803223
154.9891917,"T11R17E9",46.4550868719252,-120.701839184456,46.4479651159362,-120.691390094381
94.78702032,"T17R30E1",46.9914998533917,-118.992741256121,46.9840120947697,-118.982154790752
94.78702032,"T17R30E1",46.9914998533917,-118.992741256121,46.9841376556794,-119.003434766554
94.78702032,"T17R30E1",46.9914998533917,-118.992741256121,46.9989682598957,-119.003373913937
94.78702032,"T17R30E1",46.9914998533917,-118.992741256121,46.9988623126395,-118.98201129257
94.78702032,"T17R30E1",46.9914998533917,-118.992741256121,46.9840120947697,-118.982154790752
30.12472895,"T17R30E18",46.9628506670681,-119.099272462374,46.9555386020181,-119.088607140474
30.12472895,"T17R30E18",46.9628506670681,-119.099272462374,46.9556812620103,-119.110077553116
30.12472895,"T17R30E18",46.9628506670681,-119.099272462374,46.9701392068111,-119.109857444339
30.12472895,"T17R30E18",46.9628506670681,-119.099272462374,46.9700905917726,-119.088593058877
30.12472895,"T17R30E18",46.9628506670681,-119.099272462374,46.9555386020181,-119.088607140474
20.02555799,"T17R30E5",46.9917182100686,-119.077724157403,46.9844953953072,-119.067075037025
20.02555799,"T17R30E5",46.9917182100686,-119.077724157403,46.984547530745,-119.088457272045
20.02555799,"T17R30E5",46.9917182100686,-119.077724157403,46.9988884641774,-119.088422570966
20.02555799,"T17R30E5",46.9917182100686,-119.077724157403,46.9989298707791,-119.066988200508
20.02555799,"T17R30E5",46.9917182100686,-119.077724157403,46.9844953953072,-119.067075037025
113.5061203,"T17R30E7",46.9773618498711,-119.099130147741,46.9700905917726,-119.088593058877
113.5061203,"T17R30E7",46.9773618498711,-119.099130147741,46.9701392068111,-119.109857444339
113.5061203,"T17R30E7",46.9773618498711,-119.099130147741,46.9847067869055,-119.109558042757
113.5061203,"T17R30E7",46.9773618498711,-119.099130147741,46.984547530745,-119.088457272045
113.5061203,"T17R30E7",46.9773618498711,-119.099130147741,46.9700905917726,-119.088593058877
9.406771038,"T17R30E9",46.9770769897569,-119.056486111877,46.9842078960281,-119.045779303245
9.406771038,"T17R30E9",46.9770769897569,-119.056486111877,46.9697957164186,-119.045799252175
9.406771038,"T17R30E9",46.9770769897569,-119.056486111877,46.9697829759258,-119.05653060282
9.406771038,"T17R30E9",46.9770769897569,-119.056486111877,46.9697911901909,-119.057351694056
9.406771038,"T17R30E9",46.9770769897569,-119.056486111877,46.9698922759433,-119.067196406983
9.406771038,"T17R30E9",46.9770769897569,-119.056486111877,46.9844953953072,-119.067075037025
9.406771038,"T17R30E9",46.9770769897569,-119.056486111877,46.9842078960281,-119.045779303245
22.71366258,"T18R28E26",47.0214648117748,-119.269424298135,47.0140934041899,-119.258868236922
22.71366258,"T18R28E26",47.0214648117748,-119.269424298135,47.014267580138,-119.279819642118
22.71366258,"T18R28E26",47.0214648117748,-119.269424298135,47.0288086734184,-119.280088198296
22.71366258,"T18R28E26",47.0214648117748,-119.269424298135,47.0286407000786,-119.258924395673
22.71366258,"T18R28E26",47.0214648117748,-119.269424298135,47.0140934041899,-119.258868236922
41.32186678,"T18R29E11",47.064801694478,-119.140421519434,47.0575810648374,-119.12981374999
41.32186678,"T18R29E11",47.064801694478,-119.140421519434,47.0574452780059,-119.15126957812
41.32186678,"T18R29E11",47.064801694478,-119.140421519434,47.0720991917031,-119.150980737736
41.32186678,"T18R29E11",47.064801694478,-119.140421519434,47.0720862835722,-119.129549049487
41.32186678,"T18R29E11",47.064801694478,-119.140421519434,47.0575810648374,-119.12981374999
93.44113236,"T18R29E12",47.0647889355551,-119.119003943302,47.0574831642082,-119.108454146108
93.44113236,"T18R29E12",47.0647889355551,-119.119003943302,47.0575810648374,-119.12981374999
93.44113236,"T18R29E12",47.0647889355551,-119.119003943302,47.0720862835722,-119.129549049487
93.44113236,"T18R29E12",47.0647889355551,-119.119003943302,47.0720098406151,-119.108209226897
93.44113236,"T18R29E12",47.0647889355551,-119.119003943302,47.0574831642082,-119.108454146108
49.30894805,"T18R29E17",47.0503821638266,-119.204796608183,47.0430059410302,-119.19414670094
49.30894805,"T18R29E17",47.0503821638266,-119.204796608183,47.0431993953556,-119.215556260965
49.30894805,"T18R29E17",47.0503821638266,-119.204796608183,47.0577257364864,-119.215410583487
49.30894805,"T18R29E17",47.0503821638266,-119.204796608183,47.0576244830959,-119.194117364279
49.30894805,"T18R29E17",47.0503821638266,-119.204796608183,47.0430059410302,-119.19414670094
143.067233,"T18R29E2",47.0793410668041,-119.140184184276,47.0720862835722,-119.129549049487
143.067233,"T18R29E2",47.0793410668041,-119.140184184276,47.0720991917031,-119.150980737736
143.067233,"T18R29E2",47.0793410668041,-119.140184184276,47.0866141334455,-119.150856015017
143.067233,"T18R29E2",47.0793410668041,-119.140184184276,47.0865413785259,-119.129321732273
143.067233,"T18R29E2",47.0793410668041,-119.140184184276,47.0720862835722,-119.129549049487
47.99774238,"T18R30E10",47.0644503060656,-119.034487807064,47.0571835949885,-119.023981828741
47.99774238,"T18R30E10",47.0644503060656,-119.034487807064,47.0571961678432,-119.045071032426
47.99774238,"T18R30E10",47.0644503060656,-119.034487807064,47.0715806871722,-119.045093831203
47.99774238,"T18R30E10",47.0644503060656,-119.034487807064,47.071822588898,-119.023927849285
47.99774238,"T18R30E10",47.0644503060656,-119.034487807064,47.0571835949885,-119.023981828741
55.12951473,"T18R30E11",47.0644963478131,-119.013293151795,47.0571708544957,-119.002675701402
55.12951473,"T18R30E11",47.0644963478131,-119.013293151795,47.0571835949885,-119.023981828741
55.12951473,"T18R30E11",47.0644963478131,-119.013293151795,47.071822588898,-119.023927849285
55.12951473,"T18R30E11",47.0644963478131,-119.013293151795,47.0717992872072,-119.002582159362
55.12951473,"T18R30E11",47.0644963478131,-119.013293151795,47.0571708544957,-119.002675701402
98.3182387,"T18R30E17",47.0500219060947,-119.077053562611,47.0426641270183,-119.066585366241
98.3182387,"T18R30E17",47.0500219060947,-119.077053562611,47.0426993310117,-119.087830473325
98.3182387,"T18R30E17",47.0500219060947,-119.077053562611,47.0573629677166,-119.08760064154
98.3182387,"T18R30E17",47.0500219060947,-119.077053562611,47.0573249138762,-119.066197284124
98.3182387,"T18R30E17",47.0500219060947,-119.077053562611,47.0426641270183,-119.066585366241
20.16901301,"T18R30E2",47.0791219527362,-119.013072078459,47.0717992872072,-119.002582159362
20.16901301,"T18R30E2",47.0791219527362,-119.013072078459,47.071822588898,-119.023927849285
20.16901301,"T18R30E2",47.0791219527362,-119.013072078459,47.0864401251354,-119.023460809639
20.16901301,"T18R30E2",47.0791219527362,-119.013072078459,47.0864793524423,-119.002346460245
20.16901301,"T18R30E2",47.0791219527362,-119.013072078459,47.0717992872072,-119.002582159362
11.23083202,"T18R30E20",47.0353820867375,-119.077239595478,47.0280747539757,-119.066628449223
11.23083202,"T18R30E20",47.0353820867375,-119.077239595478,47.0280980556665,-119.087908257387
11.23083202,"T18R30E20",47.0353820867375,-119.077239595478,47.0426993310117,-119.087830473325
11.23083202,"T18R30E20",47.0353820867375,-119.077239595478,47.0426641270183,-119.066585366241
11.23083202,"T18R30E20",47.0353820867375,-119.077239595478,47.0280747539757,-119.066628449223
154.7256758,"T18R30E21",47.0353671573096,-119.055968088987,47.0280454173145,-119.045462802581
154.7256758,"T18R30E21",47.0353671573096,-119.055968088987,47.0280747539757,-119.066628449223
154.7256758,"T18R30E21",47.0353671573096,-119.055968088987,47.0426641270183,-119.066585366241
154.7256758,"T18R30E21",47.0353671573096,-119.055968088987,47.0426562480293,-119.061109468891
154.7256758,"T18R30E21",47.0353671573096,-119.055968088987,47.0426488719546,-119.055918388612
154.7256758,"T18R30E21",47.0353671573096,-119.055968088987,47.0426359638237,-119.047409918691
154.7256758,"T18R30E21",47.0353671573096,-119.055968088987,47.0426327787004,-119.04519541987
154.7256758,"T18R30E21",47.0353671573096,-119.055968088987,47.0280454173145,-119.045462802581
52.68456689,"T18R30E22",47.0354106736093,-119.034749126735,47.0281565613507,-119.024261281393
52.68456689,"T18R30E22",47.0354106736093,-119.034749126735,47.0280454173145,-119.045462802581
52.68456689,"T18R30E22",47.0354106736093,-119.034749126735,47.0426327787004,-119.04519541987
52.68456689,"T18R30E22",47.0354106736093,-119.034749126735,47.0428015902306,-119.034784425564
52.68456689,"T18R30E22",47.0354106736093,-119.034749126735,47.0426656357609,-119.024040502063
52.68456689,"T18R30E22",47.0354106736093,-119.034749126735,47.0281565613507,-119.024261281393
5.560116543,"T18R30E3",47.0791065852853,-119.034354262157,47.071822588898,-119.023927849285
5.560116543,"T18R30E3",47.0791065852853,-119.034354262157,47.0715806871722,-119.045093831203
5.560116543,"T18R30E3",47.0791065852853,-119.034354262157,47.0865485869626,-119.044767607531
5.560116543,"T18R30E3",47.0791065852853,-119.034354262157,47.0864401251354,-119.023460809639
5.560116543,"T18R30E3",47.0791065852853,-119.034354262157,47.071822588898,-119.023927849285
37.11632209,"T18R30E5",47.0791024494657,-119.076675147749,47.0716700382601,-119.066286970488
37.11632209,"T18R30E5",47.0791024494657,-119.076675147749,47.0717937551511,-119.087499052874
37.11632209,"T18R30E5",47.0791024494657,-119.076675147749,47.0865165680925,-119.087030504486
37.11632209,"T18R30E5",47.0791024494657,-119.076675147749,47.0864515245237,-119.065911293587
37.11632209,"T18R30E5",47.0791024494657,-119.076675147749,47.0716700382601,-119.066286970488
55.80577087,"T18R30E6",47.0792090721226,-119.097644891787,47.0717937551511,-119.087499052874
55.80577087,"T18R30E6",47.0792090721226,-119.097644891787,47.0720098406151,-119.108209226897
55.80577087,"T18R30E6",47.0792090721226,-119.097644891787,47.0864646002927,-119.10797000738
55.80577087,"T18R30E6",47.0792090721226,-119.097644891787,47.0865165680925,-119.087030504486
55.80577087,"T18R30E6",47.0792090721226,-119.097644891787,47.0717937551511,-119.087499052874
21.9794673,"T19R29E35",47.0939078079598,-119.140086225918,47.0865413785259,-119.129321732273
21.9794673,"T19R29E35",47.0939078079598,-119.140086225918,47.0866141334455,-119.150856015017
21.9794673,"T19R29E35",47.0939078079598,-119.140086225918,47.1012591623253,-119.150904630055
21.9794673,"T19R29E35",47.0939078079598,-119.140086225918,47.1011929452902,-119.129265908798
21.9794673,"T19R29E35",47.0939078079598,-119.140086225918,47.0865413785259,-119.129321732273
150.917176,"T19R30E36",47.0938306607935,-118.991785394313,47.0865050010661,-118.991709825105
150.917176,"T19R30E36",47.0938306607935,-118.991785394313,47.0864793524423,-119.002346460245
150.917176,"T19R30E36",47.0938306607935,-118.991785394313,47.0938089914999,-119.002397589854
150.917176,"T19R30E36",47.0938306607935,-118.991785394313,47.1011597529536,-119.002448048911
150.917176,"T19R30E36",47.0938306607935,-118.991785394313,47.1011567354685,-118.981333196602
150.917176,"T19R30E36",47.0938306607935,-118.991785394313,47.093906389215,-118.981047876618
150.917176,"T19R30E36",47.0938306607935,-118.991785394313,47.0865303144137,-118.981213838301
150.917176,"T19R30E36",47.0938306607935,-118.991785394313,47.0865050010661,-118.991709825105
135.5285651,"T20R29E19",47.2113809212371,-119.224495794726,47.2184478918348,-119.214180287738
135.5285651,"T20R29E19",47.2113809212371,-119.224495794726,47.2111172469488,-119.213999741544
135.5285651,"T20R29E19",47.2113809212371,-119.224495794726,47.2039259092937,-119.213821877558
135.5285651,"T20R29E19",47.2113809212371,-119.224495794726,47.2042586708502,-119.234968245823
135.5285651,"T20R29E19",47.2113809212371,-119.224495794726,47.2189863452954,-119.234911081243
135.5285651,"T20R29E19",47.2113809212371,-119.224495794726,47.2184478918348,-119.214180287738
